DATE,A_rec,A_churn,A_prog_in,A_prog_out,A_fte,A_rec_%,A_churn_%,AC_rec,AC_churn,AC_prog_in,AC_prog_out,AC_fte,AC_rec_%,AC_churn_%,C_rec,C_churn,C_prog_in,C_prog_out,C_fte,C_rec_%,C_churn_%,SrC_rec,SrC_churn,SrC_prog_in,SrC_prog_out,SrC_fte,SrC_rec_%,SrC_churn_%,AM_rec,AM_churn,AM_prog_in,AM_prog_out,AM_fte,AM_rec_%,AM_churn_%,M_rec,M_churn,M_prog_in,M_prog_out,M_fte,M_rec_%,M_churn_%,SrM_rec,SrM_churn,SrM_prog_in,SrM_prog_out,SrM_fte,SrM_rec_%,SrM_churn_%,Pi_rec,Pi_churn,Pi_prog_in,Pi_prog_out,Pi_fte,Pi_rec_%,Pi_churn_%,P_rec,P_churn,P_prog_in,P_prog_out,P_fte,P_rec_%,P_churn_%,Total_rec,Total_churn,Total_prog_in,Total_prog_out,Total_fte,Total_rec_%,Total_churn_%
202501,18,1,0,3,177,10.17,0.56,4,1,3,0,237,1.69,0.42,1,3,10,21,343,0.29,0.87,0,3,21,0,427,0.00,0.70,0,3,0,10,405,0.00,0.74,0,0,0,2,154,0.00,0.00,0,0,2,0,68,0.00,0.00,0,0,0,0,0,0.00,0.00,0,0,0,0,0,0.00,0.00,23,11,36,36,1811,1.27,0.61
202502,31,3,0,75,209,14.83,1.44,19,10,75,57,452,4.20,2.21,3,4,0,0,269,1.12,1.49,0,6,0,0,422,0.00,1.42,0,5,57,0,434,0.00,1.15,0,2,0,0,159,0.00,1.26,0,0,0,0,66,0.00,0.00,0,0,0,0,0,0.00,0.00,0,0,0,0,0,0.00,0.00,53,30,132,132,2011,2.64,1.49
202503,36,4,0,0,241,14.94,1.66,21,9,0,0,464,4.53,1.94,3,7,0,0,265,1.13,2.64,0,6,0,0,416,0.00,1.44,0,6,0,0,428,0.00,1.40,0,0,0,0,159,0.00,0.00,0,0,0,0,66,0.00,0.00,0,0,0,0,0,0.00,0.00,0,0,0,0,0,0.00,0.00,60,32,0,0,2039,2.94,1.57
202504,41,3,0,0,279,14.70,1.08,22,11,0,0,475,4.63,2.32,2,5,0,0,262,0.76,1.91,1,6,0,0,411,0.24,1.46,0,5,0,0,423,0.00,1.18,0,2,0,0,157,0.00,1.27,0,1,0,0,65,0.00,1.54,0,0,0,0,0,0.00,0.00,0,0,0,0,0,0.00,0.00,66,33,0,0,2072,3.19,1.59
202505,26,1,0,0,202,12.87,0.50,10,3,0,0,244,4.10,1.23,2,6,0,0,339,0.59,1.77,0,5,0,0,422,0.00,1.18,0,3,0,0,402,0.00,0.75,0,1,0,0,153,0.00,0.65,0,0,0,0,68,0.00,0.00,0,0,0,0,0,0.00,0.00,0,0,0,0,0,0.00,0.00,38,19,0,0,1830,2.08,1.04
202506,32,4,0,0,230,13.91,1.74,10,7,0,0,247,4.05,2.83,4,7,0,0,336,1.19,2.08,1,8,0,0,415,0.24,1.93,0,5,0,0,397,0.00,1.26,0,0,0,0,153,0.00,0.00,0,0,0,0,68,0.00,0.00,0,0,0,0,0,0.00,0.00,0,0,0,0,0,0.00,0.00,47,31,0,0,1846,2.55,1.68
202507,30,2,0,30,228,13.16,0.88,13,5,30,2,283,4.59,1.77,3,6,0,0,333,0.90,1.80,0,5,0,0,410,0.00,1.22,0,5,2,0,394,0.00,1.27,0,2,0,0,151,0.00,1.32,0,1,0,0,67,0.00,1.49,0,0,0,0,0,0.00,0.00,0,0,0,0,0,0.00,0.00,46,26,32,32,1866,2.47,1.39
202508,35,4,0,0,259,13.51,1.54,12,6,0,0,289,4.15,2.08,5,8,0,0,330,1.52,2.42,2,8,0,0,404,0.50,1.98,0,4,0,0,390,0.00,1.03,0,0,0,0,151,0.00,0.00,0,0,0,0,67,0.00,0.00,0,0,0,0,0,0.00,0.00,0,0,0,0,0,0.00,0.00,54,30,0,0,1890,2.86,1.59
202509,43,4,0,0,298,14.43,1.34,10,5,0,0,294,3.40,1.70,2,4,0,0,328,0.61,1.22,0,6,0,0,398,0.00,1.51,0,6,0,0,384,0.00,1.56,0,1,0,0,150,0.00,0.67,0,0,0,0,67,0.00,0.00,0,0,0,0,0,0.00,0.00,0,0,0,0,0,0.00,0.00,55,26,0,0,1919,2.87,1.35
202510,31,3,0,127,199,15.58,1.51,20,11,127,22,408,4.90,2.70,2,5,11,62,274,0.73,1.82,1,6,62,15,440,0.23,1.36,1,5,22,11,391,0.26,1.28,0,1,15,0,164,0.00,0.61,0,0,0,0,67,0.00,0.00,0,0,0,0,0,0.00,0.00,0,0,0,0,0,0.00,0.00,55,31,237,237,1943,2.83,1.60
202511,31,4,0,0,226,13.72,1.77,17,7,0,0,418,4.07,1.67,4,5,0,0,273,1.47,1.83,0,8,0,0,432,0.00,1.85,0,4,0,0,387,0.00,1.03,0,1,0,0,163,0.00,0.61,0,1,0,0,66,0.00,1.52,0,0,0,0,0,0.00,0.00,0,0,0,0,0,0.00,0.00,52,30,0,0,1965,2.65,1.53
202512,37,7,0,0,256,14.45,2.73,19,12,0,0,425,4.47,2.82,3,6,0,0,270,1.11,2.22,2,6,0,0,428,0.47,1.40,0,5,0,0,382,0.00,1.31,0,2,0,0,161,0.00,1.24,0,0,0,0,66,0.00,0.00,0,0,0,0,0,0.00,0.00,0,0,0,0,0,0.00,0.00,61,38,0,0,1988,3.07,1.91
202601,18,1,0,3,177,10.17,0.56,4,1,3,0,237,1.69,0.42,1,3,10,21,343,0.29,0.87,0,3,21,0,427,0.00,0.70,0,3,0,10,405,0.00,0.74,0,0,0,2,154,0.00,0.00,0,0,2,0,68,0.00,0.00,0,0,0,0,0,0.00,0.00,0,0,0,0,0,0.00,0.00,23,11,36,36,1811,1.27,0.61
202602,31,3,0,75,209,14.83,1.44,19,10,75,57,452,4.20,2.21,3,4,0,0,269,1.12,1.49,0,6,0,0,422,0.00,1.42,0,5,57,0,434,0.00,1.15,0,2,0,0,159,0.00,1.26,0,0,0,0,66,0.00,0.00,0,0,0,0,0,0.00,0.00,0,0,0,0,0,0.00,0.00,53,30,132,132,2011,2.64,1.49
202603,36,4,0,0,241,14.94,1.66,21,9,0,0,464,4.53,1.94,3,7,0,0,265,1.13,2.64,0,6,0,0,416,0.00,1.44,0,6,0,0,428,0.00,1.40,0,0,0,0,159,0.00,0.00,0,0,0,0,66,0.00,0.00,0,0,0,0,0,0.00,0.00,0,0,0,0,0,0.00,0.00,60,32,0,0,2039,2.94,1.57
202604,41,3,0,0,279,14.70,1.08,22,11,0,0,475,4.63,2.32,2,5,0,0,262,0.76,1.91,1,6,0,0,411,0.24,1.46,0,5,0,0,423,0.00,1.18,0,2,0,0,157,0.00,1.27,0,1,0,0,65,0.00,1.54,0,0,0,0,0,0.00,0.00,0,0,0,0,0,0.00,0.00,66,33,0,0,2072,3.19,1.59
202605,26,1,0,0,202,12.87,0.50,10,3,0,0,244,4.10,1.23,2,6,0,0,339,0.59,1.77,0,5,0,0,422,0.00,1.18,0,3,0,0,402,0.00,0.75,0,1,0,0,153,0.00,0.65,0,0,0,0,68,0.00,0.00,0,0,0,0,0,0.00,0.00,0,0,0,0,0,0.00,0.00,38,19,0,0,1830,2.08,1.04
202606,32,4,0,0,230,13.91,1.74,10,7,0,0,247,4.05,2.83,4,7,0,0,336,1.19,2.08,1,8,0,0,415,0.24,1.93,0,5,0,0,397,0.00,1.26,0,0,0,0,153,0.00,0.00,0,0,0,0,68,0.00,0.00,0,0,0,0,0,0.00,0.00,0,0,0,0,0,0.00,0.00,47,31,0,0,1846,2.55,1.68
202607,30,2,0,30,228,13.16,0.88,13,5,30,2,283,4.59,1.77,3,6,0,0,333,0.90,1.80,0,5,0,0,410,0.00,1.22,0,5,2,0,394,0.00,1.27,0,2,0,0,151,0.00,1.32,0,1,0,0,67,0.00,1.49,0,0,0,0,0,0.00,0.00,0,0,0,0,0,0.00,0.00,46,26,32,32,1866,2.47,1.39
202608,35,4,0,0,259,13.51,1.54,12,6,0,0,289,4.15,2.08,5,8,0,0,330,1.52,2.42,2,8,0,0,404,0.50,1.98,0,4,0,0,390,0.00,1.03,0,0,0,0,151,0.00,0.00,0,0,0,0,67,0.00,0.00,0,0,0,0,0,0.00,0.00,0,0,0,0,0,0.00,0.00,54,30,0,0,1890,2.86,1.59
202609,43,4,0,0,298,14.43,1.34,10,5,0,0,294,3.40,1.70,2,4,0,0,328,0.61,1.22,0,6,0,0,398,0.00,1.51,0,6,0,0,384,0.00,1.56,0,1,0,0,150,0.00,0.67,0,0,0,0,67,0.00,0.00,0,0,0,0,0,0.00,0.00,0,0,0,0,0,0.00,0.00,55,26,0,0,1919,2.87,1.35
202610,31,3,0,127,199,15.58,1.51,20,11,127,22,408,4.90,2.70,2,5,11,62,274,0.73,1.82,1,6,62,15,440,0.23,1.36,1,5,22,11,391,0.26,1.28,0,1,15,0,164,0.00,0.61,0,0,0,0,67,0.00,0.00,0,0,0,0,0,0.00,0.00,0,0,0,0,0,0.00,0.00,55,31,237,237,1943,2.83,1.60
202611,31,4,0,0,226,13.72,1.77,17,7,0,0,418,4.07,1.67,4,5,0,0,273,1.47,1.83,0,8,0,0,432,0.00,1.85,0,4,0,0,387,0.00,1.03,0,1,0,0,163,0.00,0.61,0,1,0,0,66,0.00,1.52,0,0,0,0,0,0.00,0.00,0,0,0,0,0,0.00,0.00,52,30,0,0,1965,2.65,1.53
202612,37,7,0,0,256,14.45,2.73,19,12,0,0,425,4.47,2.82,3,6,0,0,270,1.11,2.22,2,6,0,0,428,0.47,1.40,0,5,0,0,382,0.00,1.31,0,2,0,0,161,0.00,1.24,0,0,0,0,66,0.00,0.00,0,0,0,0,0,0.00,0.00,0,0,0,0,0,0.00,0.00,61,38,0,0,1988,3.07,1.91
202701,49,5,0,108,378,12.96,1.32,27,15,108,95,731,3.69,2.05,4,7,26,132,509,0.79,1.38,2,10,132,36,908,0.22,1.10,0,8,95,26,902,0.00,0.89,0,2,36,6,341,0.00,0.59,0,0,6,0,137,0.00,0.00,0,0,0,0,0,0.00,0.00,0,0,0,0,0,0.00,0.00,82,47,403,403,3906,2.10,1.20
202702,61,8,0,164,418,14.59,1.91,51,23,164,149,1092,4.67,2.11,3,7,0,0,361,0.83,1.94,0,12,0,0,839,0.00,1.43,0,13,149,0,1114,0.00,1.17,0,5,0,0,412,0.00,1.21,0,0,0,0,132,0.00,0.00,0,0,0,0,0,0.00,0.00,0,0,0,0,0,0.00,0.00,115,68,313,313,4368,2.63,1.56
202703,71,6,0,0,483,14.70,1.24,57,26,0,0,1123,5.08,2.32,5,8,0,0,358,1.40,2.23,1,12,0,0,828,0.12,1.45,0,15,0,0,1099,0.00,1.36,0,2,0,0,410,0.00,0.49,0,0,0,0,132,0.00,0.00,0,0,0,0,0,0.00,0.00,0,0,0,0,0,0.00,0.00,134,69,0,0,4433,3.02,1.56
202704,83,8,0,0,558,14.87,1.43,53,31,0,0,1145,4.63,2.71,3,7,0,0,354,0.85,1.98,1,12,0,0,817,0.12,1.47,1,14,0,0,1086,0.09,1.29,0,3,0,0,407,0.00,0.74,0,1,0,0,131,0.00,0.76,0,0,0,0,0,0.00,0.00,0,0,0,0,0,0.00,0.00,141,76,0,0,4498,3.13,1.69
202705,57,4,0,0,431,13.23,0.93,33,13,0,0,751,4.39,1.73,2,10,0,0,501,0.40,2.00,1,13,0,0,896,0.11,1.45,2,10,0,0,894,0.22,1.12,0,1,0,0,340,0.00,0.29,0,0,0,0,137,0.00,0.00,0,0,0,0,0,0.00,0.00,0,0,0,0,0,0.00,0.00,95,51,0,0,3950,2.41,1.29
202706,74,9,0,0,496,14.92,1.81,37,21,0,0,767,4.82,2.74,6,10,0,0,497,1.21,2.01,1,14,0,0,883,0.11,1.59,0,10,0,0,884,0.00,1.13,0,2,0,0,338,0.00,0.59,0,0,0,0,137,0.00,0.00,0,0,0,0,0,0.00,0.00,0,0,0,0,0,0.00,0.00,118,66,0,0,4002,2.95,1.65
202707,62,5,0,113,440,14.09,1.14,41,21,113,52,848,4.83,2.48,6,10,0,0,493,1.22,2.03,2,12,0,0,873,0.23,1.37,0,10,52,0,926,0.00,1.08,0,6,0,0,332,0.00,1.81,0,2,0,0,135,0.00,1.48,0,0,0,0,0,0.00,0.00,0,0,0,0,0,0.00,0.00,111,66,165,165,4047,2.74,1.63
202708,70,7,0,0,503,13.92,1.39,40,18,0,0,870,4.60,2.07,5,11,0,0,487,1.03,2.26,4,16,0,0,861,0.46,1.86,0,12,0,0,914,0.00,1.31,0,1,0,0,331,0.00,0.30,0,1,0,0,134,0.00,0.75,0,0,0,0,0,0.00,0.00,0,0,0,0,0,0.00,0.00,119,66,0,0,4100,2.90,1.61
202709,83,13,0,0,573,14.49,2.27,39,20,0,0,889,4.39,2.25,5,9,0,0,483,1.04,1.86,2,10,0,0,853,0.23,1.17,0,11,0,0,903,0.00,1.22,0,3,0,0,328,0.00,0.91,0,0,0,0,134,0.00,0.00,0,0,0,0,0,0.00,0.00,0,0,0,0,0,0.00,0.00,129,66,0,0,4163,3.10,1.59
202710,62,5,0,225,405,15.31,1.23,47,25,225,130,1006,4.67,2.49,4,6,22,132,371,1.08,1.62,1,15,132,98,873,0.11,1.72,1,12,130,22,1000,0.10,1.20,0,3,98,0,423,0.00,0.71,0,0,0,0,134,0.00,0.00,0,0,0,0,0,0.00,0.00,0,0,0,0,0,0.00,0.00,115,66,607,607,4212,2.73,1.57
202711,65,9,0,0,461,14.10,1.95,51,27,0,0,1030,4.95,2.62,5,6,0,0,370,1.35,1.62,0,12,0,0,861,0.00,1.39,1,12,0,0,989,0.10,1.21,0,2,0,0,421,0.00,0.48,0,1,0,0,133,0.00,0.75,0,0,0,0,0,0.00,0.00,0,0,0,0,0,0.00,0.00,122,69,0,0,4265,2.86,1.62
202712,78,10,0,0,529,14.74,1.89,48,29,0,0,1049,4.58,2.76,3,8,0,0,365,0.82,2.19,4,14,0,0,851,0.47,1.65,0,11,0,0,978,0.00,1.12,0,4,0,0,417,0.00,0.96,0,1,0,0,132,0.00,0.76,0,0,0,0,0,0.00,0.00,0,0,0,0,0,0.00,0.00,133,77,0,0,4321,3.08,1.78
202801,49,5,0,108,378,12.96,1.32,27,15,108,95,731,3.69,2.05,4,7,26,132,509,0.79,1.38,2,10,132,36,908,0.22,1.10,0,8,95,26,902,0.00,0.89,0,2,36,6,341,0.00,0.59,0,0,6,0,137,0.00,0.00,0,0,0,0,0,0.00,0.00,0,0,0,0,0,0.00,0.00,82,47,403,403,3906,2.10,1.20
202802,61,8,0,164,418,14.59,1.91,51,23,164,149,1092,4.67,2.11,3,7,0,0,361,0.83,1.94,0,12,0,0,839,0.00,1.43,0,13,149,0,1114,0.00,1.17,0,5,0,0,412,0.00,1.21,0,0,0,0,132,0.00,0.00,0,0,0,0,0,0.00,0.00,0,0,0,0,0,0.00,0.00,115,68,313,313,4368,2.63,1.56
202803,71,6,0,0,483,14.70,1.24,57,26,0,0,1123,5.08,2.32,5,8,0,0,358,1.40,2.23,1,12,0,0,828,0.12,1.45,0,15,0,0,1099,0.00,1.36,0,2,0,0,410,0.00,0.49,0,0,0,0,132,0.00,0.00,0,0,0,0,0,0.00,0.00,0,0,0,0,0,0.00,0.00,134,69,0,0,4433,3.02,1.56
202804,83,8,0,0,558,14.87,1.43,53,31,0,0,1145,4.63,2.71,3,7,0,0,354,0.85,1.98,1,12,0,0,817,0.12,1.47,1,14,0,0,1086,0.09,1.29,0,3,0,0,407,0.00,0.74,0,1,0,0,131,0.00,0.76,0,0,0,0,0,0.00,0.00,0,0,0,0,0,0.00,0.00,141,76,0,0,4498,3.13,1.69
202805,57,4,0,0,431,13.23,0.93,33,13,0,0,751,4.39,1.73,2,10,0,0,501,0.40,2.00,1,13,0,0,896,0.11,1.45,2,10,0,0,894,0.22,1.12,0,1,0,0,340,0.00,0.29,0,0,0,0,137,0.00,0.00,0,0,0,0,0,0.00,0.00,0,0,0,0,0,0.00,0.00,95,51,0,0,3950,2.41,1.29
202806,74,9,0,0,496,14.92,1.81,37,21,0,0,767,4.82,2.74,6,10,0,0,497,1.21,2.01,1,14,0,0,883,0.11,1.59,0,10,0,0,884,0.00,1.13,0,2,0,0,338,0.00,0.59,0,0,0,0,137,0.00,0.00,0,0,0,0,0,0.00,0.00,0,0,0,0,0,0.00,0.00,118,66,0,0,4002,2.95,1.65
202807,62,5,0,113,440,14.09,1.14,41,21,113,52,848,4.83,2.48,6,10,0,0,493,1.22,2.03,2,12,0,0,873,0.23,1.37,0,10,52,0,926,0.00,1.08,0,6,0,0,332,0.00,1.81,0,2,0,0,135,0.00,1.48,0,0,0,0,0,0.00,0.00,0,0,0,0,0,0.00,0.00,111,66,165,165,4047,2.74,1.63
202808,70,7,0,0,503,13.92,1.39,40,18,0,0,870,4.60,2.07,5,11,0,0,487,1.03,2.26,4,16,0,0,861,0.46,1.86,0,12,0,0,914,0.00,1.31,0,1,0,0,331,0.00,0.30,0,1,0,0,134,0.00,0.75,0,0,0,0,0,0.00,0.00,0,0,0,0,0,0.00,0.00,119,66,0,0,4100,2.90,1.61
202809,83,13,0,0,573,14.49,2.27,39,20,0,0,889,4.39,2.25,5,9,0,0,483,1.04,1.86,2,10,0,0,853,0.23,1.17,0,11,0,0,903,0.00,1.22,0,3,0,0,328,0.00,0.91,0,0,0,0,134,0.00,0.00,0,0,0,0,0,0.00,0.00,0,0,0,0,0,0.00,0.00,129,66,0,0,4163,3.10,1.59
202810,62,5,0,225,405,15.31,1.23,47,25,225,130,1006,4.67,2.49,4,6,22,132,371,1.08,1.62,1,15,132,98,873,0.11,1.72,1,12,130,22,1000,0.10,1.20,0,3,98,0,423,0.00,0.71,0,0,0,0,134,0.00,0.00,0,0,0,0,0,0.00,0.00,0,0,0,0,0,0.00,0.00,115,66,607,607,4212,2.73,1.57
202811,65,9,0,0,461,14.10,1.95,51,27,0,0,1030,4.95,2.62,5,6,0,0,370,1.35,1.62,0,12,0,0,861,0.00,1.39,1,12,0,0,989,0.10,1.21,0,2,0,0,421,0.00,0.48,0,1,0,0,133,0.00,0.75,0,0,0,0,0,0.00,0.00,0,0,0,0,0,0.00,0.00,122,69,0,0,4265,2.86,1.62
202812,78,10,0,0,529,14.74,1.89,48,29,0,0,1049,4.58,2.76,3,8,0,0,365,0.82,2.19,4,14,0,0,851,0.47,1.65,0,11,0,0,978,0.00,1.12,0,4,0,0,417,0.00,0.96,0,1,0,0,132,0.00,0.76,0,0,0,0,0,0.00,0.00,0,0,0,0,0,0.00,0.00,133,77,0,0,4321,3.08,1.78
202901,80,9,0,203,589,13.58,1.53,61,30,203,205,1405,4.34,2.14,4,9,39,163,581,0.69,1.55,2,16,163,91,1284,0.16,1.25,1,17,205,39,1654,0.06,1.03,0,5,91,13,636,0.00,0.79,0,2,13,0,208,0.00,0.96,0,0,0,0,0,0.00,0.00,0,0,0,0,0,0.00,0.00,148,88,714,714,6357,2.33,1.38
202902,94,10,0,252,637,14.76,1.57,86,42,252,288,1818,4.73,2.31,5,10,0,0,426,1.17,2.35,0,18,0,0,1132,0.00,1.59,2,25,288,0,2140,0.09,1.17,0,7,0,0,750,0.00,0.93,0,1,0,0,200,0.00,0.50,0,0,0,0,0,0.00,0.00,0,0,0,0,0,0.00,0.00,187,113,540,540,7103,2.63,1.59
202903,106,13,0,0,730,14.52,1.78,95,44,0,0,1869,5.08,2.35,5,9,0,0,422,1.18,2.13,1,17,0,0,1116,0.09,1.52,0,28,0,0,2112,0.00,1.33,0,5,0,0,745,0.00,0.67,0,0,0,0,200,0.00,0.00,0,0,0,0,0,0.00,0.00,0,0,0,0,0,0.00,0.00,207,116,0,0,7194,2.88,1.61
202904,124,11,0,0,843,14.71,1.30,94,50,0,0,1913,4.91,2.61,3,9,0,0,416,0.72,2.16,3,15,0,0,1104,0.27,1.36,1,28,0,0,2085,0.05,1.34,0,7,0,0,738,0.00,0.95,0,1,0,0,199,0.00,0.50,0,0,0,0,0,0.00,0.00,0,0,0,0,0,0.00,0.00,225,121,0,0,7298,3.08,1.66
202905,92,9,0,0,672,13.69,1.34,68,31,0,0,1442,4.72,2.15,2,11,0,0,572,0.35,1.92,4,19,0,0,1269,0.32,1.50,2,18,0,0,1638,0.12,1.10,0,4,0,0,632,0.00,0.63,0,0,0,0,208,0.00,0.00,0,0,0,0,0,0.00,0.00,0,0,0,0,0,0.00,0.00,168,92,0,0,6433,2.61,1.43
202906,116,12,0,0,776,14.95,1.55,73,38,0,0,1477,4.94,2.57,9,12,0,0,569,1.58,2.11,1,18,0,0,1252,0.08,1.44,0,19,0,0,1619,0.00,1.17,0,7,0,0,625,0.00,1.12,0,0,0,0,208,0.00,0.00,0,0,0,0,0,0.00,0.00,0,0,0,0,0,0.00,0.00,199,106,0,0,6526,3.05,1.62
202907,93,10,0,205,654,14.22,1.53,76,38,205,167,1553,4.89,2.45,7,12,0,0,564,1.24,2.13,3,18,0,0,1237,0.24,1.46,1,20,167,0,1767,0.06,1.13,0,9,0,0,616,0.00,1.46,0,2,0,0,206,0.00,0.97,0,0,0,0,0,0.00,0.00,0,0,0,0,0,0.00,0.00,180,109,372,372,6597,2.73,1.65
202908,106,10,0,0,750,14.13,1.33,77,39,0,0,1591,4.84,2.45,5,11,0,0,558,0.90,1.97,5,22,0,0,1220,0.41,1.80,1,23,0,0,1745,0.06,1.32,0,2,0,0,614,0.00,0.33,0,2,0,0,204,0.00,0.98,0,0,0,0,0,0.00,0.00,0,0,0,0,0,0.00,0.00,194,109,0,0,6682,2.90,1.63
202909,129,19,0,0,860,15.00,2.21,74,39,0,0,1626,4.55,2.40,6,11,0,0,553,1.08,1.99,2,15,0,0,1207,0.17,1.24,0,22,0,0,1723,0.00,1.28,0,6,0,0,608,0.00,0.99,0,0,0,0,204,0.00,0.00,0,0,0,0,0,0.00,0.00,0,0,0,0,0,0.00,0.00,211,112,0,0,6781,3.11,1.65
202910,91,7,0,327,617,14.75,1.13,85,44,327,263,1731,4.91,2.54,4,6,44,155,440,0.91,1.36,3,20,155,167,1178,0.25,1.70,2,24,263,44,1920,0.10,1.25,0,6,167,0,769,0.00,0.78,0,0,0,0,204,0.00,0.00,0,0,0,0,0,0.00,0.00,0,0,0,0,0,0.00,0.00,185,107,956,956,6859,2.70,1.56
202911,99,14,0,0,702,14.10,1.99,88,45,0,0,1774,4.96,2.54,6,9,0,0,437,1.37,2.06,1,16,0,0,1163,0.09,1.38,2,22,0,0,1900,0.11,1.16,0,5,0,0,764,0.00,0.65,0,1,0,0,203,0.00,0.49,0,0,0,0,0,0.00,0.00,0,0,0,0,0,0.00,0.00,196,112,0,0,6943,2.82,1.61
202912,120,17,0,0,805,14.91,2.11,86,50,0,0,1810,4.75,2.76,3,9,0,0,431,0.70,2.09,4,17,0,0,1150,0.35,1.48,0,25,0,0,1875,0.00,1.33,0,7,0,0,757,0.00,0.92,0,2,0,0,201,0.00,1.00,0,0,0,0,0,0.00,0.00,0,0,0,0,0,0.00,0.00,213,127,0,0,7029,3.03,1.81
203001,80,9,0,203,589,13.58,1.53,61,30,203,205,1405,4.34,2.14,4,9,39,163,581,0.69,1.55,2,16,163,91,1284,0.16,1.25,1,17,205,39,1654,0.06,1.03,0,5,91,13,636,0.00,0.79,0,2,13,0,208,0.00,0.96,0,0,0,0,0,0.00,0.00,0,0,0,0,0,0.00,0.00,148,88,714,714,6357,2.33,1.38
203002,94,10,0,252,637,14.76,1.57,86,42,252,288,1818,4.73,2.31,5,10,0,0,426,1.17,2.35,0,18,0,0,1132,0.00,1.59,2,25,288,0,2140,0.09,1.17,0,7,0,0,750,0.00,0.93,0,1,0,0,200,0.00,0.50,0,0,0,0,0,0.00,0.00,0,0,0,0,0,0.00,0.00,187,113,540,540,7103,2.63,1.59
203003,106,13,0,0,730,14.52,1.78,95,44,0,0,1869,5.08,2.35,5,9,0,0,422,1.18,2.13,1,17,0,0,1116,0.09,1.52,0,28,0,0,2112,0.00,1.33,0,5,0,0,745,0.00,0.67,0,0,0,0,200,0.00,0.00,0,0,0,0,0,0.00,0.00,0,0,0,0,0,0.00,0.00,207,116,0,0,7194,2.88,1.61
203004,124,11,0,0,843,14.71,1.30,94,50,0,0,1913,4.91,2.61,3,9,0,0,416,0.72,2.16,3,15,0,0,1104,0.27,1.36,1,28,0,0,2085,0.05,1.34,0,7,0,0,738,0.00,0.95,0,1,0,0,199,0.00,0.50,0,0,0,0,0,0.00,0.00,0,0,0,0,0,0.00,0.00,225,121,0,0,7298,3.08,1.66
203005,92,9,0,0,672,13.69,1.34,68,31,0,0,1442,4.72,2.15,2,11,0,0,572,0.35,1.92,4,19,0,0,1269,0.32,1.50,2,18,0,0,1638,0.12,1.10,0,4,0,0,632,0.00,0.63,0,0,0,0,208,0.00,0.00,0,0,0,0,0,0.00,0.00,0,0,0,0,0,0.00,0.00,168,92,0,0,6433,2.61,1.43
203006,116,12,0,0,776,14.95,1.55,73,38,0,0,1477,4.94,2.57,9,12,0,0,569,1.58,2.11,1,18,0,0,1252,0.08,1.44,0,19,0,0,1619,0.00,1.17,0,7,0,0,625,0.00,1.12,0,0,0,0,208,0.00,0.00,0,0,0,0,0,0.00,0.00,0,0,0,0,0,0.00,0.00,199,106,0,0,6526,3.05,1.62
203007,93,10,0,205,654,14.22,1.53,76,38,205,167,1553,4.89,2.45,7,12,0,0,564,1.24,2.13,3,18,0,0,1237,0.24,1.46,1,20,167,0,1767,0.06,1.13,0,9,0,0,616,0.00,1.46,0,2,0,0,206,0.00,0.97,0,0,0,0,0,0.00,0.00,0,0,0,0,0,0.00,0.00,180,109,372,372,6597,2.73,1.65
203008,106,10,0,0,750,14.13,1.33,77,39,0,0,1591,4.84,2.45,5,11,0,0,558,0.90,1.97,5,22,0,0,1220,0.41,1.80,1,23,0,0,1745,0.06,1.32,0,2,0,0,614,0.00,0.33,0,2,0,0,204,0.00,0.98,0,0,0,0,0,0.00,0.00,0,0,0,0,0,0.00,0.00,194,109,0,0,6682,2.90,1.63
203009,129,19,0,0,860,15.00,2.21,74,39,0,0,1626,4.55,2.40,6,11,0,0,553,1.08,1.99,2,15,0,0,1207,0.17,1.24,0,22,0,0,1723,0.00,1.28,0,6,0,0,608,0.00,0.99,0,0,0,0,204,0.00,0.00,0,0,0,0,0,0.00,0.00,0,0,0,0,0,0.00,0.00,211,112,0,0,6781,3.11,1.65
203010,91,7,0,327,617,14.75,1.13,85,44,327,263,1731,4.91,2.54,4,6,44,155,440,0.91,1.36,3,20,155,167,1178,0.25,1.70,2,24,263,44,1920,0.10,1.25,0,6,167,0,769,0.00,0.78,0,0,0,0,204,0.00,0.00,0,0,0,0,0,0.00,0.00,0,0,0,0,0,0.00,0.00,185,107,956,956,6859,2.70,1.56
203011,99,14,0,0,702,14.10,1.99,88,45,0,0,1774,4.96,2.54,6,9,0,0,437,1.37,2.06,1,16,0,0,1163,0.09,1.38,2,22,0,0,1900,0.11,1.16,0,5,0,0,764,0.00,0.65,0,1,0,0,203,0.00,0.49,0,0,0,0,0,0.00,0.00,0,0,0,0,0,0.00,0.00,196,112,0,0,6943,2.82,1.61
203012,120,17,0,0,805,14.91,2.11,86,50,0,0,1810,4.75,2.76,3,9,0,0,431,0.70,2.09,4,17,0,0,1150,0.35,1.48,0,25,0,0,1875,0.00,1.33,0,7,0,0,757,0.00,0.92,0,2,0,0,201,0.00,1.00,0,0,0,0,0,0.00,0.00,0,0,0,0,0,0.00,0.00,213,127,0,0,7029,3.03,1.81
203101,96,13,0,295,631,15.21,2.06,93,49,295,353,1899,4.90,2.58,6,6,34,159,291,2.06,2.06,3,17,159,140,1109,0.27,1.53,2,28,353,34,2378,0.08,1.18,0,8,140,22,848,0.00,0.94,0,2,22,0,219,0.00,0.91,0,0,0,0,0,0.00,0.00,0,0,0,0,0,0.00,0.00,200,123,1003,1003,7375,2.71,1.67
203102,95,10,0,280,644,14.75,1.55,110,52,280,360,2178,5.05,2.39,2,8,0,0,214,0.93,3.74,1,14,0,0,931,0.11,1.50,3,39,360,0,3070,0.10,1.27,0,10,0,0,946,0.00,1.06,0,1,0,0,209,0.00,0.48,0,0,0,0,0,0.00,0.00,0,0,0,0,0,0.00,0.00,211,134,640,640,8192,2.58,1.64
203103,106,13,0,0,737,14.38,1.76,114,55,0,0,2237,5.10,2.46,3,3,0,0,214,1.40,1.40,1,14,0,0,918,0.11,1.53,0,38,0,0,3032,0.00,1.25,0,8,0,0,938,0.00,0.85,0,1,0,0,208,0.00,0.48,0,0,0,0,0,0.00,0.00,0,0,0,0,0,0.00,0.00,224,132,0,0,8284,2.70,1.59
203104,125,13,0,0,849,14.72,1.53,117,63,0,0,2291,5.11,2.75,1,5,0,0,210,0.48,2.38,2,12,0,0,908,0.22,1.32,3,42,0,0,2993,0.10,1.40,0,8,0,0,930,0.00,0.86,0,0,0,0,208,0.00,0.00,0,0,0,0,0,0.00,0.00,0,0,0,0,0,0.00,0.00,248,143,0,0,8389,2.96,1.70
203105,104,10,0,0,725,14.34,1.38,94,46,0,0,1947,4.83,2.36,0,6,0,0,285,0.00,2.11,4,17,0,0,1096,0.36,1.55,2,29,0,0,2351,0.09,1.23,0,7,0,0,841,0.00,0.83,0,1,0,0,218,0.00,0.46,0,0,0,0,0,0.00,0.00,0,0,0,0,0,0.00,0.00,204,116,0,0,7463,2.73,1.55
203106,125,12,0,0,838,14.92,1.43,103,52,0,0,1998,5.16,2.60,5,6,0,0,284,1.76,2.11,1,13,0,0,1084,0.09,1.20,1,28,0,0,2324,0.04,1.20,0,10,0,0,831,0.00,1.20,0,1,0,0,217,0.00,0.46,0,0,0,0,0,0.00,0.00,0,0,0,0,0,0.00,0.00,235,122,0,0,7576,3.10,1.61
203107,97,13,0,278,644,15.06,2.02,100,55,278,292,2029,4.93,2.71,4,8,0,0,280,1.43,2.86,3,18,0,0,1069,0.28,1.68,2,31,292,0,2587,0.08,1.20,0,10,0,0,821,0.00,1.22,0,1,0,0,216,0.00,0.46,0,0,0,0,0,0.00,0.00,0,0,0,0,0,0.00,0.00,206,136,570,570,7646,2.69,1.78
203108,109,11,0,0,742,14.69,1.48,106,50,0,0,2085,5.08,2.40,0,3,0,0,277,0.00,1.08,4,18,0,0,1055,0.38,1.71,3,34,0,0,2556,0.12,1.33,0,5,0,0,816,0.00,0.61,0,2,0,0,214,0.00,0.93,0,0,0,0,0,0.00,0.00,0,0,0,0,0,0.00,0.00,222,123,0,0,7745,2.87,1.59
203109,127,20,0,0,849,14.96,2.36,105,54,0,0,2136,4.92,2.53,5,7,0,0,275,1.82,2.55,2,11,0,0,1046,0.19,1.05,2,32,0,0,2526,0.08,1.27,0,10,0,0,806,0.00,1.24,0,1,0,0,213,0.00,0.47,0,0,0,0,0,0.00,0.00,0,0,0,0,0,0.00,0.00,241,135,0,0,7851,3.07,1.72
203110,93,7,0,295,640,14.53,1.09,102,55,295,379,2099,4.86,2.62,2,3,57,108,223,0.90,1.35,2,16,108,171,969,0.21,1.65,3,36,379,57,2815,0.11,1.28,0,6,171,0,971,0.00,0.62,0,1,0,0,212,0.00,0.47,0,0,0,0,0,0.00,0.00,0,0,0,0,0,0.00,0.00,202,124,1010,1010,7929,2.55,1.56
203111,105,14,0,0,731,14.36,1.92,113,59,0,0,2153,5.25,2.74,3,4,0,0,222,1.35,1.80,2,14,0,0,957,0.21,1.46,3,36,0,0,2782,0.11,1.29,0,6,0,0,965,0.00,0.62,0,0,0,0,212,0.00,0.00,0,0,0,0,0,0.00,0.00,0,0,0,0,0,0.00,0.00,226,133,0,0,8022,2.82,1.66
203112,126,18,0,0,839,15.02,2.15,106,59,0,0,2200,4.82,2.68,1,3,0,0,220,0.45,1.36,2,15,0,0,944,0.21,1.59,0,36,0,0,2746,0.00,1.31,0,9,0,0,956,0.00,0.94,0,2,0,0,210,0.00,0.95,0,0,0,0,0,0.00,0.00,0,0,0,0,0,0.00,0.00,235,142,0,0,8115,2.90,1.75
203201,65,9,0,190,430,15.12,2.09,70,35,190,258,1405,4.98,2.49,3,2,18,48,125,2.40,1.60,1,10,48,104,628,0.16,1.59,2,23,258,18,1881,0.11,1.22,0,6,104,18,661,0.00,0.91,0,2,18,0,150,0.00,1.33,0,0,0,0,0,0.00,0.00,0,0,0,0,0,0.00,0.00,141,87,636,636,5280,2.67,1.65
203202,65,5,0,191,435,14.94,1.15,78,39,191,268,1538,5.07,2.54,2,5,0,0,122,1.64,4.10,1,8,0,0,514,0.19,1.56,3,31,268,0,2390,0.13,1.30,0,7,0,0,693,0.00,1.01,0,1,0,0,143,0.00,0.70,0,0,0,0,0,0.00,0.00,0,0,0,0,0,0.00,0.00,149,96,459,459,5835,2.55,1.65
203203,71,11,0,0,495,14.34,2.22,78,38,0,0,1578,4.94,2.41,1,2,0,0,121,0.83,1.65,0,8,0,0,506,0.00,1.58,0,29,0,0,2361,0.00,1.23,0,6,0,0,687,0.00,0.87,0,1,0,0,142,0.00,0.70,0,0,0,0,0,0.00,0.00,0,0,0,0,0,0.00,0.00,150,95,0,0,5890,2.55,1.61
203204,83,8,0,0,570,14.56,1.40,86,43,0,0,1621,5.31,2.65,0,3,0,0,118,0.00,2.54,2,6,0,0,502,0.40,1.20,2,33,0,0,2330,0.09,1.42,0,7,0,0,680,0.00,1.03,0,0,0,0,142,0.00,0.00,0,0,0,0,0,0.00,0.00,0,0,0,0,0,0.00,0.00,173,100,0,0,5963,2.90,1.68
203205,73,7,0,0,496,14.72,1.41,71,36,0,0,1440,4.93,2.50,0,2,0,0,123,0.00,1.63,3,9,0,0,622,0.48,1.45,0,22,0,0,1859,0.00,1.18,0,7,0,0,654,0.00,1.07,0,1,0,0,149,0.00,0.67,0,0,0,0,0,0.00,0.00,0,0,0,0,0,0.00,0.00,147,84,0,0,5343,2.75,1.57
203206,83,7,0,0,572,14.51,1.22,76,38,0,0,1478,5.14,2.57,3,3,0,0,123,2.44,2.44,1,7,0,0,616,0.16,1.14,1,23,0,0,1837,0.05,1.25,0,8,0,0,646,0.00,1.24,0,1,0,0,148,0.00,0.68,0,0,0,0,0,0.00,0.00,0,0,0,0,0,0.00,0.00,164,87,0,0,5420,3.03,1.61
203207,65,10,0,195,432,15.05,2.31,72,39,195,242,1464,4.92,2.66,1,4,0,0,120,0.83,3.33,1,11,0,0,606,0.17,1.82,2,26,242,0,2055,0.10,1.27,0,6,0,0,640,0.00,0.94,0,0,0,0,148,0.00,0.00,0,0,0,0,0,0.00,0.00,0,0,0,0,0,0.00,0.00,141,96,437,437,5465,2.58,1.76
203208,74,8,0,0,498,14.86,1.61,78,38,0,0,1504,5.19,2.53,0,0,0,0,120,0.00,0.00,2,10,0,0,598,0.33,1.67,3,26,0,0,2032,0.15,1.28,0,4,0,0,636,0.00,0.63,0,1,0,0,147,0.00,0.68,0,0,0,0,0,0.00,0.00,0,0,0,0,0,0.00,0.00,157,87,0,0,5535,2.84,1.57
203209,87,11,0,0,574,15.16,1.92,76,39,0,0,1541,4.93,2.53,2,2,0,0,120,1.67,1.67,0,7,0,0,591,0.00,1.18,2,27,0,0,2007,0.10,1.35,0,8,0,0,628,0.00,1.27,0,1,0,0,146,0.00,0.68,0,0,0,0,0,0.00,0.00,0,0,0,0,0,0.00,0.00,167,95,0,0,5607,2.98,1.69
203210,62,5,0,197,434,14.29,1.15,75,41,197,271,1501,5.00,2.73,0,2,46,38,126,0.00,1.59,2,7,38,88,536,0.37,1.31,3,29,271,46,2206,0.14,1.31,0,4,88,0,712,0.00,0.56,0,1,0,0,145,0.00,0.69,0,0,0,0,0,0.00,0.00,0,0,0,0,0,0.00,0.00,142,89,640,640,5660,2.51,1.57
203211,71,9,0,0,496,14.31,1.81,79,39,0,0,1541,5.13,2.53,2,3,0,0,125,1.60,2.40,2,10,0,0,528,0.38,1.89,2,28,0,0,2180,0.09,1.28,0,5,0,0,707,0.00,0.71,0,0,0,0,145,0.00,0.00,0,0,0,0,0,0.00,0.00,0,0,0,0,0,0.00,0.00,156,94,0,0,5722,2.73,1.64
203212,85,15,0,0,566,15.02,2.65,77,42,0,0,1576,4.89,2.66,1,1,0,0,125,0.80,0.80,0,7,0,0,521,0.00,1.34,0,30,0,0,2150,0.00,1.40,0,7,0,0,700,0.00,1.00,0,1,0,0,144,0.00,0.69,0,0,0,0,0,0.00,0.00,0,0,0,0,0,0.00,0.00,163,103,0,0,5782,2.82,1.78
203301,67,10,0,189,438,15.30,2.28,74,39,189,311,1534,4.82,2.54,4,1,41,31,131,3.05,0.76,1,7,31,75,452,0.22,1.55,2,33,311,41,2569,0.08,1.28,0,4,75,19,732,0.00,0.55,0,2,19,0,159,0.00,1.26,0,0,0,0,0,0.00,0.00,0,0,0,0,0,0.00,0.00,148,96,666,666,6015,2.46,1.60
203302,68,7,0,199,448,15.18,1.56,84,41,199,283,1631,5.15,2.51,1,4,0,0,163,0.61,2.45,2,6,0,0,404,0.50,1.49,2,40,283,0,3045,0.07,1.31,0,8,0,0,697,0.00,1.15,0,0,0,0,152,0.00,0.00,0,0,0,0,0,0.00,0.00,0,0,0,0,0,0.00,0.00,157,106,482,482,6540,2.40,1.62
203303,74,9,0,0,513,14.42,1.75,84,41,0,0,1674,5.02,2.45,1,3,0,0,161,0.62,1.86,0,4,0,0,400,0.00,1.00,3,40,0,0,3008,0.10,1.33,0,5,0,0,692,0.00,0.72,0,2,0,0,150,0.00,1.33,0,0,0,0,0,0.00,0.00,0,0,0,0,0,0.00,0.00,162,104,0,0,6598,2.46,1.58
203304,88,10,0,0,591,14.89,1.69,87,47,0,0,1714,5.08,2.74,3,1,0,0,163,1.84,0.61,0,7,0,0,393,0.00,1.78,3,43,0,0,2968,0.10,1.45,0,7,0,0,685,0.00,1.02,0,0,0,0,150,0.00,0.00,0,0,0,0,0,0.00,0.00,0,0,0,0,0,0.00,0.00,181,115,0,0,6664,2.72,1.73
203305,76,5,0,0,509,14.93,0.98,79,40,0,0,1573,5.02,2.54,0,3,0,0,128,0.00,2.34,1,6,0,0,447,0.22,1.34,0,34,0,0,2535,0.00,1.34,0,8,0,0,724,0.00,1.10,0,1,0,0,158,0.00,0.63,0,0,0,0,0,0.00,0.00,0,0,0,0,0,0.00,0.00,156,97,0,0,6074,2.57,1.60
203306,84,9,0,0,584,14.38,1.54,83,46,0,0,1610,5.16,2.86,2,2,0,0,128,1.56,1.56,1,7,0,0,441,0.23,1.59,2,31,0,0,2506,0.08,1.24,0,6,0,0,718,0.00,0.84,0,3,0,0,155,0.00,1.94,0,0,0,0,0,0.00,0.00,0,0,0,0,0,0.00,0.00,172,104,0,0,6142,2.80,1.69
203307,65,8,0,202,439,14.81,1.82,76,41,202,287,1560,4.87,2.63,1,4,0,0,125,0.80,3.20,1,7,0,0,435,0.23,1.61,2,38,287,0,2757,0.07,1.38,0,6,0,0,712,0.00,0.84,0,0,0,0,155,0.00,0.00,0,0,0,0,0,0.00,0.00,0,0,0,0,0,0.00,0.00,145,104,489,489,6183,2.35,1.68
203308,77,9,0,0,507,15.19,1.78,84,37,0,0,1607,5.23,2.30,0,1,0,0,124,0.00,0.81,2,7,0,0,430,0.47,1.63,3,34,0,0,2726,0.11,1.25,0,7,0,0,705,0.00,0.99,0,0,0,0,155,0.00,0.00,0,0,0,0,0,0.00,0.00,0,0,0,0,0,0.00,0.00,166,95,0,0,6254,2.65,1.52
203309,84,11,0,0,580,14.48,1.90,82,42,0,0,1647,4.98,2.55,1,1,0,0,124,0.81,0.81,0,4,0,0,426,0.00,0.94,3,37,0,0,2692,0.11,1.37,0,6,0,0,699,0.00,0.86,0,1,0,0,154,0.00,0.65,0,0,0,0,0,0.00,0.00,0,0,0,0,0,0.00,0.00,170,102,0,0,6322,2.69,1.61
203310,66,6,0,193,447,14.77,1.34,78,42,193,283,1593,4.90,2.64,2,3,68,24,167,1.20,1.80,0,4,24,25,421,0.00,0.95,4,38,283,68,2873,0.14,1.32,0,6,25,0,718,0.00,0.84,0,2,0,0,152,0.00,1.32,0,0,0,0,0,0.00,0.00,0,0,0,0,0,0.00,0.00,150,101,593,593,6371,2.35,1.59
203311,75,7,0,0,515,14.56,1.36,83,44,0,0,1632,5.09,2.70,2,2,0,0,167,1.20,1.20,1,9,0,0,413,0.24,2.18,3,40,0,0,2836,0.11,1.41,0,6,0,0,712,0.00,0.84,0,0,0,0,152,0.00,0.00,0,0,0,0,0,0.00,0.00,0,0,0,0,0,0.00,0.00,164,108,0,0,6427,2.55,1.68
203312,86,15,0,0,586,14.68,2.56,83,43,0,0,1672,4.96,2.57,1,2,0,0,166,0.60,1.20,1,6,0,0,408,0.25,1.47,1,37,0,0,2800,0.04,1.32,0,7,0,0,705,0.00,0.99,0,0,0,0,152,0.00,0.00,0,0,0,0,0,0.00,0.00,0,0,0,0,0,0.00,0.00,172,110,0,0,6489,2.65,1.70
203401,33,5,0,94,219,15.07,2.28,38,19,94,163,803,4.73,2.37,1,1,36,14,78,1.28,1.28,0,3,14,26,200,0.00,1.50,1,19,163,36,1440,0.07,1.32,0,1,26,8,366,0.00,0.27,0,2,8,0,80,0.00,2.50,0,0,0,0,0,0.00,0.00,0,0,0,0,0,0.00,0.00,73,50,341,341,3186,2.29,1.57
203402,36,4,0,96,232,15.52,1.72,41,21,96,154,819,5.01,2.56,1,2,0,0,106,0.94,1.89,1,4,0,0,183,0.55,2.19,1,21,154,0,1681,0.06,1.25,0,3,0,0,342,0.00,0.88,0,0,0,0,77,0.00,0.00,0,0,0,0,0,0.00,0.00,0,0,0,0,0,0.00,0.00,80,55,250,250,3440,2.33,1.60
203403,38,5,0,0,265,14.34,1.89,44,21,0,0,842,5.23,2.49,0,2,0,0,104,0.00,1.92,0,1,0,0,182,0.00,0.55,3,24,0,0,1660,0.18,1.45,0,2,0,0,340,0.00,0.59,0,1,0,0,76,0.00,1.32,0,0,0,0,0,0.00,0.00,0,0,0,0,0,0.00,0.00,85,56,0,0,3469,2.45,1.61
203404,46,5,0,0,306,15.03,1.63,42,23,0,0,861,4.88,2.67,3,0,0,0,107,2.80,0.00,0,4,0,0,178,0.00,2.25,1,24,0,0,1637,0.06,1.47,0,4,0,0,336,0.00,1.19,0,0,0,0,76,0.00,0.00,0,0,0,0,0,0.00,0.00,0,0,0,0,0,0.00,0.00,92,60,0,0,3501,2.63,1.71
203405,38,3,0,0,254,14.96,1.18,43,22,0,0,824,5.22,2.67,0,2,0,0,76,0.00,2.63,1,3,0,0,198,0.51,1.52,0,20,0,0,1420,0.00,1.41,0,4,0,0,362,0.00,1.10,0,0,0,0,80,0.00,0.00,0,0,0,0,0,0.00,0.00,0,0,0,0,0,0.00,0.00,82,54,0,0,3214,2.55,1.68
203406,43,5,0,0,292,14.73,1.71,43,25,0,0,842,5.11,2.97,2,1,0,0,77,2.60,1.30,0,4,0,0,194,0.00,2.06,1,17,0,0,1404,0.07,1.21,0,3,0,0,359,0.00,0.84,0,2,0,0,78,0.00,2.56,0,0,0,0,0,0.00,0.00,0,0,0,0,0,0.00,0.00,89,57,0,0,3246,2.74,1.76
203407,31,3,0,99,221,14.03,1.36,39,19,99,160,801,4.87,2.37,1,2,0,0,76,1.32,2.63,1,2,0,0,193,0.52,1.04,1,22,160,0,1543,0.06,1.43,0,3,0,0,356,0.00,0.84,0,0,0,0,78,0.00,0.00,0,0,0,0,0,0.00,0.00,0,0,0,0,0,0.00,0.00,73,51,259,259,3268,2.23,1.56
203408,39,4,0,0,256,15.23,1.56,43,20,0,0,824,5.22,2.43,0,1,0,0,75,0.00,1.33,1,3,0,0,191,0.52,1.57,1,19,0,0,1525,0.07,1.25,0,4,0,0,352,0.00,1.14,0,0,0,0,78,0.00,0.00,0,0,0,0,0,0.00,0.00,0,0,0,0,0,0.00,0.00,84,51,0,0,3301,2.54,1.54
203409,43,6,0,0,293,14.68,2.05,41,22,0,0,843,4.86,2.61,0,1,0,0,74,0.00,1.35,0,2,0,0,189,0.00,1.06,1,21,0,0,1505,0.07,1.40,0,1,0,0,351,0.00,0.28,0,0,0,0,78,0.00,0.00,0,0,0,0,0,0.00,0.00,0,0,0,0,0,0.00,0.00,85,53,0,0,3333,2.55,1.59
203410,33,3,0,98,225,14.67,1.33,41,20,98,145,817,5.02,2.45,2,1,44,9,110,1.82,0.91,0,2,9,6,190,0.00,1.05,2,21,145,44,1587,0.13,1.32,0,5,6,0,352,0.00,1.42,0,1,0,0,77,0.00,1.30,0,0,0,0,0,0.00,0.00,0,0,0,0,0,0.00,0.00,78,53,302,302,3358,2.32,1.58
203411,38,3,0,0,260,14.62,1.15,41,23,0,0,835,4.91,2.75,1,2,0,0,109,0.92,1.83,0,3,0,0,187,0.00,1.60,2,22,0,0,1567,0.13,1.40,0,4,0,0,348,0.00,1.15,0,0,0,0,77,0.00,0.00,0,0,0,0,0,0.00,0.00,0,0,0,0,0,0.00,0.00,82,57,0,0,3383,2.42,1.68
203412,43,7,0,0,296,14.53,2.36,44,22,0,0,857,5.13,2.57,0,2,0,0,107,0.00,1.87,1,2,0,0,186,0.54,1.08,1,21,0,0,1547,0.06,1.36,0,3,0,0,345,0.00,0.87,0,0,0,0,77,0.00,0.00,0,0,0,0,0,0.00,0.00,0,0,0,0,0,0.00,0.00,89,57,0,0,3415,2.61,1.67
203501,34,4,0,98,238,14.29,1.68,43,24,98,144,834,5.16,2.88,1,4,41,30,115,0.87,3.48,0,3,30,7,198,0.00,1.52,1,21,144,41,1720,0.06,1.22,0,1,7,13,329,0.00,0.30,0,1,13,0,88,0.00,1.14,0,0,0,0,0,0.00,0.00,0,0,0,0,0,0.00,0.00,79,58,333,333,3522,2.24,1.65
203502,37,3,0,115,244,15.16,1.23,46,23,115,167,874,5.26,2.63,3,3,0,0,129,2.33,2.33,0,3,0,0,204,0.00,1.47,1,29,167,0,1938,0.05,1.50,0,3,0,0,311,0.00,0.96,0,0,0,0,84,0.00,0.00,0,0,0,0,0,0.00,0.00,0,0,0,0,0,0.00,0.00,87,64,282,282,3784,2.30,1.69
203503,38,7,0,0,275,13.82,2.55,45,21,0,0,898,5.01,2.34,1,3,0,0,127,0.79,2.36,2,5,0,0,201,1.00,2.49,1,28,0,0,1911,0.05,1.47,0,3,0,0,308,0.00,0.97,0,0,0,0,84,0.00,0.00,0,0,0,0,0,0.00,0.00,0,0,0,0,0,0.00,0.00,87,67,0,0,3804,2.29,1.76
203504,48,5,0,0,318,15.09,1.57,46,25,0,0,919,5.01,2.72,1,2,0,0,126,0.79,1.59,0,3,0,0,198,0.00,1.52,2,25,0,0,1888,0.11,1.32,0,2,0,0,306,0.00,0.65,0,1,0,0,83,0.00,1.20,0,0,0,0,0,0.00,0.00,0,0,0,0,0,0.00,0.00,97,63,0,0,3838,2.53,1.64
203505,44,4,0,0,278,15.83,1.44,41,19,0,0,856,4.79,2.22,1,3,0,0,113,0.88,2.65,1,1,0,0,198,0.51,0.51,2,24,0,0,1698,0.12,1.41,0,2,0,0,327,0.00,0.61,0,1,0,0,87,0.00,1.15,0,0,0,0,0,0.00,0.00,0,0,0,0,0,0.00,0.00,89,54,0,0,3557,2.50,1.52
203506,43,5,0,0,316,13.61,1.58,48,23,0,0,881,5.45,2.61,1,3,0,0,111,0.90,2.70,0,2,0,0,196,0.00,1.02,0,24,0,0,1674,0.00,1.43,0,5,0,0,322,0.00,1.55,0,0,0,0,87,0.00,0.00,0,0,0,0,0,0.00,0.00,0,0,0,0,0,0.00,0.00,92,62,0,0,3587,2.56,1.73
203507,37,3,0,108,242,15.29,1.24,40,23,108,153,853,4.69,2.70,2,1,0,0,112,1.79,0.89,3,3,0,0,196,1.53,1.53,3,23,153,0,1807,0.17,1.27,0,5,0,0,317,0.00,1.58,0,1,0,0,86,0.00,1.16,0,0,0,0,0,0.00,0.00,0,0,0,0,0,0.00,0.00,85,59,261,261,3613,2.35,1.63
203508,40,7,0,0,275,14.55,2.55,44,23,0,0,874,5.03,2.63,2,1,0,0,113,1.77,0.88,0,3,0,0,193,0.00,1.55,3,27,0,0,1783,0.17,1.51,0,2,0,0,315,0.00,0.63,0,1,0,0,85,0.00,1.18,0,0,0,0,0,0.00,0.00,0,0,0,0,0,0.00,0.00,89,64,0,0,3638,2.45,1.76
203509,47,7,0,0,315,14.92,2.22,45,22,0,0,897,5.02,2.45,1,3,0,0,111,0.90,2.70,0,2,0,0,191,0.00,1.05,1,21,0,0,1763,0.06,1.19,0,1,0,0,314,0.00,0.32,0,0,0,0,85,0.00,0.00,0,0,0,0,0,0.00,0.00,0,0,0,0,0,0.00,0.00,94,56,0,0,3676,2.56,1.52
203510,36,4,0,103,244,14.75,1.64,43,22,103,159,862,4.99,2.55,1,3,55,32,132,0.76,2.27,0,4,32,8,211,0.00,1.90,0,26,159,55,1841,0.00,1.41,0,3,8,0,319,0.00,0.94,0,0,0,0,85,0.00,0.00,0,0,0,0,0,0.00,0.00,0,0,0,0,0,0.00,0.00,80,62,357,357,3694,2.17,1.68
203511,40,4,0,0,280,14.29,1.43,45,22,0,0,885,5.08,2.49,3,3,0,0,132,2.27,2.27,0,2,0,0,209,0.00,0.96,3,25,0,0,1819,0.16,1.37,0,1,0,0,318,0.00,0.31,0,1,0,0,84,0.00,1.19,0,0,0,0,0,0.00,0.00,0,0,0,0,0,0.00,0.00,91,58,0,0,3727,2.44,1.56
203512,50,5,0,0,325,15.38,1.54,44,26,0,0,903,4.87,2.88,0,3,0,0,129,0.00,2.33,0,2,0,0,207,0.00,0.97,1,21,0,0,1799,0.06,1.17,0,4,0,0,314,0.00,1.27,0,0,0,0,84,0.00,0.00,0,0,0,0,0,0.00,0.00,0,0,0,0,0,0.00,0.00,95,61,0,0,3761,2.53,1.62
Total,8969,1016,0,7179,0,,,7514,3841,7179,7692,0,,,381,733,744,1823,0,,,173,1291,1823,1464,0,,,141,2656,7692,744,0,,,0,549,1464,122,0,,,0,86,122,0,0,,,0,0,0,0,0,,,0,0,0,0,0,,,17178,10172,19024,19024,632977,,
